ID,SOUND
202223,
299603,
240421,
297334,
205940,
206240,
200636,
236259,
211397,
248592,
214751,
297863,
289404,
250265,
248419,
285789,
250297,
228184,
222929,
294339,
224003,
234176,
257395,
254899,
274146,
238761,
288575,
259079,
274005,
250955,
232877,
252681,
249686,
204579,
213229,
234648,
247190,
271739,
299065,
274192,
250888,
248614,
253711,
231448,
253769,
204441,
263616,
285688,
220620,
221840,
279723,
292067,
256850,
266365,
287296,
276126,
252811,
285811,
206526,
213923,
242729,
297960,
268445,
257113,
235550,
275405,
266204,
242662,
247834,
215860,
210290,
221516,
238905,
255839,
288570,
201996,
212241,
208665,
216542,
213708,
254121,
254072,
225561,
295274,
236799,
252608,
284324,
202674,
281376,
279489,
284789,
239645,
224402,
252523,
255346,
213031,
224380,
208214,
232578,
290460,
228847,
271554,
286578,
207730,
219110,
285658,
261636,
281432,
220685,
266372,
253696,
299655,
290631,
289729,
299305,
203706,
248002,
217145,
242208,
236802,
214459,
207452,
281611,
221756,
257582,
242762,
296093,
229480,
296664,
276945,
227690,
283095,
290162,
252619,
209999,
272697,
201055,
232367,
261814,
225255,
278700,
237306,
274922,
278899,
200387,
216277,
293581,
222239,
222533,
228109,
249594,
206519,
252459,
220679,
233993,
226158,
257251,
252992,
202352,
288075,
215757,
278705,
250413,
268322,
222557,
282891,
253774,
293886,
266740,
281341,
211992,
238351,
248517,
278545,
271833,
298058,
275533,
275986,
283695,
272535,
291775,
248386,
281362,
211652,
271091,
286063,
212742,
226759,
287108,
230235,
287889,
223108,
284071,
224740,
293483,
263525,
237456,
239639,
283068,
244580,
218766,
209413,
249643,
237618,
274629,
219701,
275193,
210214,
284619,
215578,
267382,
235213,
296087,
224913,
230308,
286635,
215831,
273933,
277089,
244996,
260743,
263523,
208237,
258423,
289479,
289734,
255957,
223233,
262402,
252507,
237506,
271312,
270905,
290679,
240289,
295810,
260598,
237300,
210063,
296773,
211115,
288736,
271848,
287825,
232495,
299613,
289614,
292146,
223681,
250567,
266779,
231384,
270015,
246718,
259491,
244484,
241204,
298328,
218372,
267403,
220515,
286165,
253855,
275782,
269689,
269255,
261911,
260141,
273312,
258582,
297360,
253744,
205574,
239149,
223463,
279828,
298955,
289476,
242248,
212264,
233180,
247455,
231762,
228395,
248991,
201197,
208190,
277759,
211793,
283646,
227381,
289417,
299134,
243868,
231690,
254068,
266767,
230375,
295650,
283306,
284074,
202263,
208794,
248346,
200577,
257148,
263659,
297978,
265482,
239048,
273221,
244145,
284935,
297480,
252719,
221353,
275040,
208918,
202727,
291375,
216782,
298169,
281269,
200632,
251200,
260787,
260911,
279545,
292906,
212848,
203201,
220605,
256184,
274493,
265238,
226395,
257918,
202475,
201253,
276104,
224801,
251990,
288695,
295163,
216444,
229771,
260643,
218899,
234977,
235584,
206672,
212293,
205324,
295990,
235919,
256253,
268450,
246950,
231036,
209336,
230184,
281104,
255437,
282872,
236862,
248033,
218035,
290611,
234220,
296277,
268423,
219387,
299781,
243410,
217029,
200819,
272717,
238025,
285993,
240411,
258844,
247307,
272421,
299957,
264824,
234852,
204406,
229004,
203653,
207087,
207207,
223400,
260351,
216771,
259505,
291994,
248969,
230389,
254867,
284922,
205200,
238108,
275103,
258713,
282961,
261954,
298222,
294820,
275803,
218493,
282409,
202098,
227004,
276498,
252712,
225461,
287310,
217868,
228987,
206178,
214316,
200503,
248415,
290015,
215623,
255656,
233283,
285799,
274185,
215593,
200488,
205222,
299186,
278202,
228006,
283897,
253150,
205633,
228124,
259536,
235140,
218490,
202874,
295352,
298798,
296954,
215318,
229218,
269448,
264413,
230958,
246763,
245082,
281102,
246276,
286535,
276630,
248320,
222186,
251073,
248351,
209081,
253591,
245618,
231638,
207502,
214313,
274898,
298370,
204636,
247509,
293597,
261676,
242582,
209973,
269975,
202981,
291392,
229176,
299340,
230912,
294782,
212230,
293932,
260185,
266110,
295737,
243283,
252968,
236856,
298627,
253537,
270219,
267609,
292840,
204580,
294552,
277958,
271943,
274085,
298309,
290285,
284884,
201859,
243559,
298503,
250814,
225905,
229695,
249101,
229570,
261952,
243449,
285016,
283053,
280807,
271252,
252243,
293885,
285815,
239958,
275345,
277379,
225836,
265071,
289821,
279872,
255939,
253710,
281117,
231296,
289356,
240224,
242551,
205724,
232892,
291336,
287445,
242810,
226126,
234887,
274577,
211064,
251475,
239103,
233385,
212833,
266717,
294354,
268522,
209253,
278458,
254564,
257249,
257158,
259672,
277138,
259151,
272194,
256221,
272451,
270470,
208014,
257453,
269787,
228592,
244993,
215874,
280375,
210294,
203552,
256382,
277802,
249717,
290437,
211583,
251547,
246642,
293352,
268908,
299859,
275936,
245151,
270078,
250668,
270879,
230006,
242545,
247997,
295120,
213020,
238454,
244095,
267235,
214613,
273078,
249390,
287749,
292367,
234103,
207916,
219969,
226415,
264140,
246908,
229672,
278881,
245496,
227970,
246250,
289988,
212855,
278077,
202518,
263704,
239024,
252865,
230459,
201631,
277843,
247175,
278069,
209624,
274589,
279888,
249640,
247701,
236843,
209695,
220182,
239532,
206492,
286822,
227471,
232019,
260663,
289219,
240124,
252906,
226357,
231654,
270653,
207223,
271327,
220853,
202399,
222471,
282996,
279740,
279891,
201862,
267659,
270690,
222574,
269872,
273697,
247290,
277102,
244004,
200129,
281539,
205726,
296031,
284518,
285857,
264568,
200633,
290549,
257769,
230093,
274344,
202293,
276076,
210616,
294087,
244615,
244139,
284904,
260255,
202333,
231781,
237910,
247549,
298542,
243327,
203610,
221663,
268395,
236572,
293290,
271054,
232917,
204194,
262075,
266061,
275240,
273316,
217442,
249713,
252210,
207142,
211819,
298804,
230396,
285027,
265698,
224718,
206552,
263999,
256543,
294786,
240847,
225616,
297183,
270153,
214568,
231548,
219870,
256777,
223089,
251924,
289518,
272431,
265789,
203443,
285701,
265478,
285707,
285423,
214271,
221821,
232277,
256761,
247826,
260238,
234643,
249125,
269996,
278936,
256375,
269042,
239490,
202944,
239132,
284927,
289014,
266933,
271591,
255200,
299700,
208298,
295701,
291177,
272952,
228293,
207501,
240022,
257529,
248795,
218575,
206889,
279576,
200918,
203985,
214511,
290203,
240721,
284563,
258014,
232111,
279942,
235231,
272946,
283540,
277971,
271053,
256264,
223640,
229384,
202750,
278716,
259394,
258364,
287430,
299002,
220938,
295224,
269876,
291201,
240279,
221071,
203386,
272867,
287714,
286444,
281225,
211877,
279833,
236298,
256673,
264611,
290043,
272624,
225478,
203356,
289604,
265885,
280021,
244277,
299986,
240511,
287340,
220568,
231063,
235670,
279728,
251129,
278078,
251857,
279482,
297081,
268353,
262489,
244834,
203294,
211791,
271130,
227322,
253466,
216876,
205879,
280093,
236328,
229778,
264591,
245203,
266571,
288868,
230550,
241624,
234005,
228771,
260179,
226049,
212008,
217060,
272557,
253298,
246304,
217991,
244654,
237939,
221722,
256582,
217713,
280657,
235906,
216538,
297447,
296691,
225145,
213562,
206811,
238102,
279743,
266194,
206128,
287345,
201737,
285998,
253596,
211648,
222648,
292458,
212044,
271321,
266090,
273317,
270157,
231850,
201942,
295825,
294363,
220040,
231290,
228990,
288764,
246060,
235603,
244431,
256904,
277039,
276173,
273679,
228446,
213174,
289442,
292538,
263211,
235848,
277784,
286405,
228639,
237901,
214005,
202848,
268211,
258323,
267068,
240137,
201147,
223203,
223020,
297516,
207791,
217759,
283939,
231849,
225487,
292467,
260189,
220569,
231025,
255001,
292642,
222981,
266008,
260343,
259053,
243725,
267197,
295115,
230198,
231449,
271483,
242193,
225868,
253462,
209010,
243380,
210325,
255945,
214037,
255387,
297008,
224169,
208395,
205580,
243157,
275668,
275180,
214615,
282270,
286215,
280060,
258584,
267150,
232987,
232175,
270226,
211140,
242112,
218728,
244599,
298239,
290954,
253136,
299322,
277013,
233211,
299707,
240002,
216488,
295325,
228370,
229086,
273705,
245913,
242942,
205778,
243801,
225775,
221023,
244365,
268639,
270462,
297501,
289559,
222277,
220702,
257797,
216725,
264182,
255218,
274113,
256275,
234863,
258403,
236970,
286216,
295987,
299020,
200899,
283555,
286398,
201066,
237455,
206362,
211345,
257044,
293287,
248758,
226216,
296098,
249472,
278350,
206159,
274142,
243069,
271874,
219945,
230012,
281846,
298996,
276011,
237096,
278353,
249794,
236055,
274715,
225159,
214671,
263223,
284572,
216822,
244100,
284068,
204301,
229657,
229069,
238809,
286560,
271320,
221117,
284347,
256923,
258425,
206917,
295408,
204823,
258558,
279307,
272087,
238964,
258705,
253318,
280448,
296037,
272002,
279900,
209903,
219240,
259861,
204510,
203870,
286952,
226777,
264215,
257603,
203602,
292682,
244850,
217677,
267892,
294598,
296545,
216268,
280579,
234773,
204064,
200403,
282376,
294038,
239982,
213843,
271236,
222197,
231785,
263275,
284987,
252125,
278080,
205735,
276111,
204710,
216496,
225415,
248589,
200432,
257225,
246899,
284455,
230673,
224083,
262113,
260978,
258392,
234546,
245098,
261854,
249740,
202976,
208690,
238443,
243742,
202283,
278134,
268176,
284788,
221291,
290316,
226595,
210442,
281252,
205947,
265483,
298524,
226369,
282537,
262680,
224077,
282603,
259740,
256075,
202152,
263273,
272483,
249604,
202515,
260052,
230142,
245389,
218343,
299671,
233071,
262621,
214917,
298285,
298139,
258292,
225266,
284590,
262173,
245363,
201826,
268036,
220444,
280073,
299038,
208824,
250493,
223478,
281052,
259737,
236646,
274694,
244382,
227992,
218864,
259953,
247075,
230054,
236366,
255112,
246696,
267896,
210406,
212768,
210803,
298812,
280071,
206883,
276372,
251024,
203298,
261728,
248499,
291164,
219795,
207586,
236980,
254396,
235444,
256389,
264849,
274687,
248561,
237826,
224681,
253758,
248853,
232624,
265351,
239449,
286748,
203317,
244393,
210776,
228348,
298999,
275586,
221488,
275780,
284400,
288647,
281863,
200681,
206067,
276587,
255596,
283913,
254203,
230993,
266733,
232410,
265414,
289497,
223632,
232732,
242601,
285309,
268503,
262518,
231334,
243250,
231378,
271043,
256728,
204245,
299275,
260440,
216366,
237806,
203034,
273338,
226799,
235780,
252882,
220619,
298644,
238116,
292095,
248437,
234416,
200995,
245926,
225143,
235000,
252979,
282615,
209225,
265197,
248957,
259959,
292614,
279624,
221905,
213935,
227102,
286980,
238330,
217482,
289738,
264441,
214170,
215863,
264792,
263533,
294502,
275305,
245302,
213786,
247642,
284865,
257450,
249899,
258052,
267433,
206890,
256225,
290572,
242734,
254680,
263673,
244301,
252483,
228228,
267753,
260986,
215277,
218154,
211556,
243926,
274963,
236441,
270583,
269431,
292424,
217155,
282086,
280194,
207679,
228309,
226042,
259720,
250599,
264074,
287162,
282394,
221343,
226118,
260377,
254057,
266298,
249609,
225074,
298356,
259732,
267936,
291340,
269124,
239245,
271277,
297565,
297357,
269062,
233907,
241798,
289827,
247777,
293877,
233584,
230257,
232852,
265882,
206864,
238181,
265750,
264224,
290529,
248537,
295310,
220848,
297054,
232342,
253880,
288851,
283682,
267914,
238868,
276441,
212208,
263323,
243149,
286084,
239823,
264124,
215866,
235025,
265591,
265908,
276009,
204990,
266344,
242640,
211774,
231579,
221670,
200574,
218951,
298990,
277530,
246812,
278004,
292321,
245119,
228545,
247513,
268147,
249651,
251140,
295961,
241582,
228563,
292491,
295980,
218247,
201539,
238997,
244378,
282715,
264727,
267169,
214366,
286288,
223052,
206691,
257565,
222222,
201651,
283505,
286750,
277418,
205771,
246303,
264035,
276058,
255347,
295446,
209605,
217008,
269087,
290273,
252361,
285229,
271942,
240331,
203708,
270250,
236237,
281011,
281587,
258017,
232628,
285821,
285972,
258775,
244665,
296695,
229551,
229836,
247565,
269076,
257566,
243629,
218087,
286223,
213662,
262447,
212521,
204438,
290105,
231201,
281001,
279041,
232436,
230401,
291214,
236460,
296863,
257063,
204627,
227017,
282938,
277369,
219874,
200567,
259298,
290642,
227663,
296926,
202936,
286388,
254461,
283040,
221262,
225532,
221870,
274517,
269283,
281599,
293157,
244742,
218659,
254703,
245147,
288876,
256893,
243583,
269348,
279440,
265914,
204593,
217381,
270939,
267400,
244868,
205542,
228190,
238243,
278062,
283042,
269888,
248633,
268397,
222686,
293594,
269603,
230840,
249006,
228571,
208825,
258290,
290300,
269019,
267518,
251064,
210544,
258746,
243308,
269408,
267832,
210862,
204294,
292149,
269892,
260802,
215504,
234946,
217054,
297955,
211795,
224785,
275438,
216835,
247751,
221631,
252476,
289431,
244574,
283063,
287794,
276859,
286792,
238448,
242264,
295816,
270056,
265383,
210348,
224225,
220103,
265859,
244499,
229187,
211873,
230422,
236878,
272927,
295669,
236688,
208245,
258715,
277506,
250617,
249481,
205299,
229827,
203966,
228495,
249832,
201593,
223768,
282130,
278258,
261240,
247072,
253648,
249538,
223959,
263742,
281710,
255856,
206291,
292511,
249424,
289020,
215883,
201636,
296508,
255241,
201433,
231655,
267686,
201455,
242198,
200416,
296219,
202887,
277619,
247628,
239753,
257078,
255403,
279118,
218620,
281795,
272940,
241942,
265480,
235048,
293593,
252888,
247233,
284473,
261309,
275012,
212445,
216565,
239784,
276623,
298389,
257627,
257187,
251391,
289323,
222776,
244367,
216936,
225335,
296021,
203512,
270000,
221258,
283804,
238950,
221657,
279097,
276749,
273693,
209204,
294299,
203213,
285163,
223786,
231562,
218928,
283758,
260871,
212676,
250897,
291918,
221627,
226730,
220799,
272721,
277604,
267392,
294893,
269239,
261539,
260624,
262523,
205571,
241989,
295472,
221601,
271115,
234067,
225422,
297843,
209362,
254393,
254984,
277899,
219581,
212011,
291543,
273347,
262158,
292490,
264078,
203353,
248527,
213220,
293155,
270083,
219483,
253972,
284491,
261669,
235216,
264845,
240925,
227740,
247126,
290601,
219761,
280565,
249222,
222847,
240527,
216384,
204551,
244354,
201508,
237588,
259973,
211270,
211198,
218083,
200022,
251721,
268305,
270880,
283246,
219951,
249937,
292121,
266168,
217746,
266656,
230191,
297450,
206824,
216035,
209385,
228401,
267364,
254803,
210161,
229270,
246820,
294221,
282172,
271150,
267094,
201499,
288122,
229079,
266679,
265799,
237020,
245129,
235040,
201194,
277877,
220469,
273278,
207204,
275845,
288108,
261716,
267855,
219249,
266354,
201586,
265872,
277937,
246021,
267080,
278098,
243295,
250167,
291956,
239616,
274279,
276901,
258625,
257105,
225518,
246862,
290977,
299041,
249392,
208386,
250335,
227388,
259887,
255550,
224946,
290902,
293270,
206613,
255461,
293182,
290323,
274541,
248160,
280144,
266808,
234760,
297861,
205113,
208193,
269591,
220372,
202790,
296099,
248083,
292869,
264959,
298545,
285803,
286920,
239957,
259330,
208302,
235394,
214750,
263337,
253408,
285564,
250725,
243930,
275514,
262563,
261904,
233937,
208839,
206565,
259937,
250965,
203749,
238273,
222745,
221949,
204784,
215861,
267128,
219961,
261113,
240783,
296915,
208175,
223924,
223521,
202868,
262369,
241596,
243095,
258882,
263867,
212245,
278736,
234288,
261536,
251180,
250912,
250341,
221898,
220726,
232429,
284657,
213126,
222830,
274535,
217862,
272803,
277805,
297913,
204320,
240634,
284687,
215998,
256898,
278875,
244552,
235619,
221544,
232476,
219016,
224230,
250760,
240630,
230231,
207361,
263759,
207989,
265613,
274432,
274151,
281195,
248399,
234639,
277724,
274291,
221717,
271112,
268369,
262036,
289786,
245377,
221677,
288444,
250629,
234573,
211903,
202282,
292797,
296939,
237431,
272342,
241418,
215643,
270398,
245554,
267758,
271138,
295882,
262380,
260963,
217056,
201874,
289062,
237302,
249764,
206723,
291253,
283088,
295357,
217062,
271473,
216489,
253536,
204975,
282496,
204236,
290562,
205452,
236655,
214301,
293521,
237401,
275630,
252536,
216945,
278516,
276201,
250755,
291499,
269963,
245415,
254404,
233295,
218596,
238987,
234622,
281562,
227945,
236791,
291842,
202610,
245217,
252584,
290787,
210093,
286785,
238690,
200913,
210112,
264867,
269666,
287709,
299414,
262210,
223449,
213525,
213258,
234869,
264419,
224935,
227912,
295627,
224087,
217344,
211661,
240577,
205056,
211192,
244678,
294449,
264639,
267913,
201549,
227936,
241937,
245637,
297945,
220422,
201828,
224591,
292194,
275313,
214800,
230283,
243033,
274587,
243773,
236547,
229217,
243662,
218099,
248982,
248548,
235547,
218907,
244937,
214557,
270946,
225037,
281761,
269467,
225129,
293334,
220514,
289815,
246889,
261367,
247016,
263691,
251479,
288979,
262748,
267916,
297986,
251875,
210630,
274879,
292633,
297341,
217883,
226069,
272125,
238925,
238313,
209678,
292262,
270820,
234167,
285679,
212214,
248768,
240031,
291587,
222831,
273518,
210836,
236266,
207740,
251227,
211807,
265607,
272727,
261944,
263209,
292517,
257041,
296871,
273845,
217826,
219815,
212169,
276870,
293637,
276241,
237186,
248383,
268740,
287759,
214519,
230033,
268901,
258130,
253843,
233571,
282340,
275690,
220071,
290458,
217222,
297349,
244293,
221999,
298321,
204160,
225756,
291586,
204088,
286069,
291397,
210706,
216859,
250957,
220530,
254767,
215864,
294555,
206387,
209541,
263746,
253378,
287018,
288248,
260280,
259598,
247633,
247994,
237963,
206229,
215954,
226871,
212213,
260615,
278762,
281422,
264926,
210586,
252280,
279030,
243290,
213482,
232882,
262873,
225017,
285080,
227789,
232646,
286884,
253551,
283420,
269705,
266968,
230083,
255718,
235845,
244593,
245945,
215445,
242243,
233485,
241230,
206338,
293976,
287223,
263246,
280740,
244396,
291238,
204221,
284963,
288014,
218696,
279360,
225495,
243269,
291866,
297820,
256287,
294917,
248735,
288274,
294446,
237820,
283037,
287383,
250148,
264414,
238361,
206881,
255394,
254823,
271815,
233465,
266879,
224487,
257607,
229668,
274893,
222998,
227735,
221173,
200360,
299959,
285248,
239961,
257591,
294923,
265325,
277292,
236569,
214730,
234601,
242012,
295752,
293414,
222261,
242563,
293520,
204462,
248356,
285721,
203549,
242180,
218693,
281792,
221160,
279424,
243576,
242783,
221320,
286104,
236029,
278577,
283005,
211071,
258493,
211162,
253444,
230298,
200600,
215119,
279271,
281039,
263865,
235371,
259987,
263227,
288830,
262965,
231691,
275348,
203408,
231513,
260271,
215132,
289863,
257381,
227898,
228143,
232223,
243658,
295860,
275904,
293410,
231684,
201389,
255318,
299745,
257791,
233540,
231950,
216196,
279362,
225319,
290462,
237491,
238370,
230039,
264706,
202034,
261788,
208983,
200914,
202586,
263302,
292878,
224818,
222618,
240694,
255927,
220376,
213121,
265410,
216273,
284398,
236780,
258640,
200479,
286760,
285958,
281130,
288339,
270669,
264941,
200095,
266237,
233130,
268396,
211876,
259822,
214449,
232783,
262636,
219312,
263578,
206786,
214639,
294006,
208315,
282514,
217032,
235520,
297776,
226319,
235049,
295021,
293918,
242039,
258432,
252397,
251558,
278519,
269913,
260577,
276536,
255002,
280636,
202756,
248402,
257536,
254771,
272923,
232236,
270098,
243963,
278324,
211372,
260942,
231910,
294722,
288511,
241904,
237445,
262444,
245953,
245821,
264663,
216274,
279636,
213740,
233152,
289834,
285247,
215622,
248010,
231418,
241289,
215520,
271684,
209491,
290840,
290052,
247664,
255087,
281640,
236853,
280335,
220755,
256507,
212268,
258143,
236900,
294162,
210775,
257866,
235727,
246679,
260235,
233497,
220718,
231587,
225151,
288206,
249848,
255703,
235988,
240647,
212576,
224923,
210507,
275914,
248304,
204762,
212045,
244746,
249189,
279062,
273075,
227718,
292685,
298864,
296850,
268662,
269599,
254112,
299506,
277831,
231304,
241267,
204767,
236440,
209436,
260362,
220507,
295381,
252424,
239331,
229988,
214399,
200562,
267823,
242417,
253064,
271470,
268300,
259668,
296373,
255343,
221126,
298481,
260147,
236033,
244106,
276584,
269953,
218999,
295608,
202521,
220758,
257107,
241477,
277233,
296185,
247400,
201825,
224065,
236278,
287006,
200133,
299077,
296501,
237995,
240131,
244267,
289973,
267986,
205042,
222275,
276100,
263474,
270087,
272176,
208595,
272280,
296432,
265087,
237220,
278865,
255105,
263231,
227466,
239755,
240774,
204209,
278204,
270097,
292979,
212266,
299622,
290414,
256475,
237106,
209755,
213742,
220741,
259619,
202574,
295851,
281469,
283917,
280268,
240005,
230721,
213284,
202346,
252332,
280672,
269021,
238713,
269810,
205599,
249972,
286195,
266010,
283419,
238806,
245769,
294655,
202276,
258469,
205800,
281649,
225146,
292341,
283092,
291001,
280077,
285076,
229240,
226609,
287291,
226666,
280391,
245718,
225306,
241235,
221687,
288616,
258537,
262795,
254167,
215395,
258466,
235045,
268814,
246845,
243976,
239127,
208407,
254358,
242893,
222074,
250569,
205871,
269421,
218186,
276434,
291048,
212304,
294410,
201871,
257929,
266506,
262656,
258709,
251545,
247210,
233490,
249825,
292152,
274071,
259242,
238595,
235503,
294834,
297914,
293574,
271339,
276391,
287133,
204017,
270266,
294629,
274921,
282729,
243144,
273044,
241381,
212923,
205459,
288497,
220723,
286918,
289017,
285367,
280648,
246128,
237030,
274420,
281502,
246483,
238722,
259140,
222878,
240422,
223590,
285025,
223970,
248046,
213897,
276907,
263564,
241339,
223326,
229163,
261831,
290007,
261479,
273551,
219004,
233959,
235762,
290696,
206237,
223487,
254495,
201467,
250671,
270049,
214376,
215357,
242371,
235666,
242319,
206328,
257021,
239426,
238319,
281423,
272870,
231818,
251155,
215288,
298318,
221194,
258246,
211013,
266996,
235129,
205073,
285922,
286901,
222520,
227599,
298945,
223354,
291215,
269697,
248075,
250593,
232513,
296222,
284931,
224137,
218891,
280149,
296710,
232763,
209143,
296967,
200716,
205137,
244807,
204130,
234210,
225522,
235765,
258873,
246719,
257865,
219997,
297686,
239036,
280887,
228162,
293049,
253520,
201899,
201364,
263643,
244390,
222388,
231779,
217640,
286042,
284624,
231023,
285491,
298811,
226056,
229376,
242580,
253865,
273549,
237831,
209628,
275773,
277618,
243878,
278527,
226915,
237546,
259956,
284503,
280196,
248308,
286505,
205678,
211681,
224534,
224690,
285858,
204749,
242652,
265623,
217195,
294892,
291032,
277374,
284428,
279596,
268897,
220528,
237887,
247516,
222691,
296072,
247925,
242372,
290337,
220962,
270011,
248107,
280973,
298570,
272696,
293304,
273384,
245313,
268089,
217199,
288521,
251419,
280027,
296362,
277529,
284470,
247521,
250674,
245091,
245566,
283396,
289644,
215865,
204871,
202543,
299013,
244525,
206503,
268478,
273400,
275308,
271082,
235812,
228478,
227307,
224289,
247802,
200016,
255338,
289914,
271345,
267970,
253911,
243597,
275723,
253555,
223267,
284769,
246977,
253913,
281030,
286597,
259146,
279359,
214129,
247384,
242484,
267584,
284016,
220173,
272018,
257343,
284665,
228320,
249004,
244299,
211582,
292244,
258637,
212528,
214856,
205714,
288445,
267134,
211281,
238580,
272081,
277147,
222032,
266077,
289807,
270131,
289370,
237884,
228558,
287949,
222458,
266338,
267034,
252929,
207550,
229140,
280792,
252905,
271412,
258513,
208178,
224064,
268910,
280896,
287605,
267689,
210824,
251904,
200392,
212500,
257916,
200078,
254463,
290106,
248495,
294024,
294014,
241952,
249161,
254342,
240428,
258408,
203242,
230973,
209455,
225379,
255903,
284299,
232248,
218883,
257169,
202694,
280911,
219988,
280975,
260452,
254379,
229115,
242962,
241897,
224317,
221085,
257486,
283722,
262204,
214836,
258431,
280451,
244938,
271851,
260176,
221773,
299040,
219741,
201707,
264615,
239432,
270400,
274976,
208517,
253524,
290897,
232472,
287465,
234991,
262702,
266165,
204828,
260132,
240143,
297306,
202427,
206654,
242541,
272019,
229943,
238074,
213398,
274156,
243487,
255407,
200516,
226256,
281847,
260816,
254866,
261906,
227026,
293684,
230357,
237721,
253957,
205475,
233315,
283833,
291870,
224242,
214048,
266367,
256820,
255577,
277633,
298392,
204940,
219130,
223516,
239973,
269253,
247264,
266216,
251459,
225843,
200084,
232797,
284292,
213596,
280778,
255075,
225064,
262568,
275252,
201145,
259236,
252748,
292921,
284738,
254981,
249216,
259157,
208479,
213492,
236786,
293662,
212940,
255827,
297975,
261247,
232229,
297512,
262812,
283989,
210072,
257657,
213725,
218691,
294137,
202510,
272189,
217780,
297828,
260071,
205691,
271978,
276061,
287492,
266433,
288002,
200183,
249886,
230990,
289913,
256137,
209924,
276835,
252698,
290016,
292804,
245238,
238145,
210285,
218237,
273225,
286791,
247769,
230521,
205420,
252709,
278408,
211250,
266373,
242082,
247208,
255653,
248890,
285598,
255230,
204948,
200852,
280233,
258508,
211798,
257592,
285823,
208913,
257444,
289983,
222775,
290655,
268981,
218731,
214189,
252421,
215671,
272507,
247124,
290077,
214847,
270101,
297215,
206211,
237038,
299770,
230460,
245684,
289115,
208584,
269310,
235294,
259923,
235961,
262342,
267329,
244731,
227486,
265588,
238429,
218269,
216811,
287111,
202825,
208422,
225785,
212151,
233304,
244969,
243458,
281109,
294913,
293882,
257589,
241283,
250583,
278584,
267145,
299442,
246964,
260824,
232621,
201717,
283309,
269902,
272818,
273532,
273102,
253321,
278631,
244176,
228202,
237293,
291097,
267903,
254005,
225136,
201753,
285835,
239381,
260166,
200984,
201964,
259080,
225940,
299760,
210743,
293384,
222143,
204293,
281179,
283942,
287104,
297670,
260015,
270076,
287597,
245190,
215232,
228005,
216863,
216499,
283820,
265713,
225455,
208847,
294009,
217541,
213299,
263518,
276235,
289870,
250571,
247397,
268201,
280638,
287869,
245540,
218666,
281999,
225769,
242821,
200817,
266607,
253919,
257193,
227880,
257532,
296599,
281624,
236815,
229787,
247107,
253842,
272332,
223304,
252767,
259393,
227633,
287887,
277720,
214951,
221338,
239068,
241425,
283224,
260551,
259178,
250306,
242776,
221005,
248569,
241288,
201821,
218421,
210034,
275813,
278542,
258695,
256709,
204412,
227120,
298671,
241598,
226557,
208745,
239970,
265004,
227798,
241217,
254414,
231988,
212267,
275095,
274962,
237716,
225414,
215660,
222003,
255592,
274716,
249732,
232455,
264202,
208349,
251570,
225028,
228941,
299816,
265173,
281549,
209577,
213776,
245296,
212075,
224803,
225677,
219970,
294664,
251967,
219480,
249109,
276620,
250246,
277043,
274896,
275468,
261639,
289300,
268879,
252248,
204507,
234194,
208556,
263435,
227355,
288671,
282105,
215967,
262467,
243203,
207733,
205528,
241463,
254152,
226420,
291385,
268543,
270682,
239862,
257332,
256729,
288907,
252596,
286601,
202745,
219154,
268827,
232168,
215462,
279565,
250922,
207482,
283151,
270490,
271588,
235841,
278836,
210409,
246171,
215753,
217756,
226025,
281041,
290080,
200232,
298559,
284588,
200099,
249118,
206267,
273736,
290471,
297460,
272540,
264183,
292772,
236072,
224347,
283625,
295314,
266131,
268969,
242394,
228263,
216362,
248221,
208939,
204375,
249993,
291624,
217604,
229289,
299336,
241948,
250579,
291589,
272093,
202635,
203103,
208330,
266642,
247937,
244225,
216696,
239139,
211673,
281267,
242239,
275299,
203047,
255282,
207766,
236370,
264964,
293103,
276086,
201485,
282809,
248776,
297728,
289194,
276827,
233577,
294908,
274116,
202100,
228761,
282323,
298243,
240338,
214622,
219639,
207012,
299143,
276133,
243059,
230925,
271964,
286086,
282372,
267460,
246272,
220882,
268266,
252542,
218641,
221971,
242852,
272895,
223253,
224676,
247912,
247883,
223363,
235298,
202066,
260495,
245896,
278471,
299084,
253283,
210992,
263455,
274881,
281296,
201345,
296288,
236455,
288794,
255982,
279409,
210203,
292440,
227335,
244864,
220843,
222553,
220449,
226325,
208773,
261417,
217891,
211769,
233922,
280373,
203244,
214517,
248577,
227998,
272950,
267692,
287209,
212873,
228997,
289537,
208858,
209153,
248382,
292333,
215389,
237278,
273807,
229674,
296668,
235794,
292003,
295358,
291439,
274723,
211698,
213439,
261387,
222199,
255744,
218388,
247795,
257976,
281402,
282849,
214647,
296022,
244134,
250068,
218462,
258891,
234676,
243957,
208659,
220176,
228009,
266389,
244983,
205566,
202971,
291736,
276564,
251537,
208424,
287193,
200974,
221755,
210983,
285379,
248264,
252419,
257714,
280170,
262573,
287408,
200695,
223207,
237603,
220623,
213916,
293848,
227515,
294187,
228042,
243367,
298961,
216238,
241905,
275387,
298721,
230511,
262749,
290438,
281421,
226901,
273332,
270459,
298068,
249935,
254543,
259060,
242627,
273825,
254892,
271153,
273448,
254975,
231309,
243569,
236589,
245989,
207202,
239423,
236116,
275105,
244966,
221630,
234620,
283302,
263790,
251117,
251643,
259201,
277513,
256982,
225547,
252160,
253350,
230351,
240212,
293430,
243714,
220079,
216342,
251458,
268946,
231385,
229749,
292323,
241571,
236118,
200393,
239408,
284960,
212794,
237540,
231629,
228480,
261924,
283608,
274804,
203523,
263238,
232712,
228945,
276789,
268764,
296833,
266585,
278991,
264418,
276386,
242316,
222324,
249922,
244162,
296790,
258232,
261153,
250050,
294933,
227311,
211195,
243642,
217920,
244800,
209918,
203728,
200736,
266625,
230806,
248704,
227501,
219262,
270160,
226712,
265723,
215212,
215294,
226479,
204324,
299647,
265242,
215832,
253543,
235657,
251746,
259071,
276402,
269093,
217988,
276606,
267442,
249975,
230106,
293112,
224828,
261914,
285006,
252266,
210798,
274571,
260838,
239480,
243210,
245774,
249969,
221161,
271535,
266903,
259014,
222206,
298895,
220950,
271081,
237043,
221611,
250293,
266683,
260584,
294743,
251750,
239237,
228003,
256277,
213007,
206258,
241741,
231542,
271921,
273046,
232692,
221104,
271311,
254959,
218370,
255740,
251535,
271044,
240865,
233498,
262504,
244810,
206181,
203530,
210532,
288648,
270164,
211333,
281236,
250138,
229594,
254160,
293947,
205870,
219517,
201462,
249577,
268407,
234958,
273210,
216917,
268753,
203495,
295977,
206608,
210455,
250545,
236516,
202193,
232385,
290165,
294283,
216314,
214526,
231047,
294941,
243107,
272399,
273366,
210389,
275366,
215740,
244120,
280128,
212411,
219065,
240404,
239713,
222528,
213856,
226555,
211504,
296367,
250062,
272405,
220144,
213211,
280262,
274428,
223921,
202126,
218606,
234307,
220601,
264213,
232889,
214092,
296704,
255078,
290407,
266141,
204083,
289971,
233048,
202714,
259128,
251405,
252895,
297967,
282610,
281725,
222367,
264847,
291515,
294679,
225534,
252546,
284221,
250319,
245457,
279323,
207316,
240470,
221809,
209234,
212176,
242950,
297668,
236147,
231469,
253364,
217446,
281438,
290346,
241792,
282383,
280498,
210834,
213948,
246337,
207985,
206720,
296638,
217092,
290390,
266424,
256779,
223008,
218670,
246193,
287449,
281477,
252103,
277967,
260748,
217130,
204479,
293393,
280269,
296573,
279730,
220427,
230318,
265974,
291600,
285079,
243077,
202783,
255291,
284664,
254592,
210228,
258530,
228859,
279483,
221484,
235376,
215380,
256367,
200036,
222493,
285057,
243093,
268933,
212920,
264425,
261329,
225620,
224341,
207855,
275879,
249366,
268808,
227462,
288125,
246607,
202928,
233410,
255067,
245497,
201639,
271089,
280556,
235232,
202943,
268117,
238783,
265484,
275740,
203550,
285237,
249511,
264755,
270397,
203930,
291980,
290734,
259268,
261422,
258356,
295577,
285525,
275874,
298907,
276029,
280066,
205510,
224012,
261261,
278366,
233424,
274593,
276121,
288927,
267810,
264142,
235929,
222902,
261138,
266603,
267897,
294924,
238340,
297003,
284363,
282904,
255268,
209994,
294452,
267967,
200072,
278167,
293117,
219379,
262598,
219544,
251972,
253204,
278160,
273052,
283515,
269690,
206938,
267025,
221292,
241089,
217770,
210138,
261505,
265467,
207918,
238397,
245061,
297020,
233011,
230888,
272078,
244528,
281318,
232055,
259316,
276665,
201848,
295385,
282949,
237528,
224595,
267398,
265957,
219552,
222841,
296456,
270216,
222888,
220927,
245671,
284399,
239632,
243991,
287821,
251962,
254300,
225191,
233589,
297006,
267173,
235357,
262868,
277808,
219342,
210158,
299073,
256052,
220300,
206947,
236271,
223637,
245586,
261108,
212810,
244304,
261799,
240609,
290081,
213050,
299508,
208222,
247325,
243718,
254120,
213595,
227108,
236219,
200625,
254504,
276343,
208957,
259902,
267024,
216121,
259710,
279129,
295223,
231288,
227881,
237199,
244467,
240893,
212600,
293120,
228673,
256169,
260504,
205277,
222350,
296414,
297555,
201373,
288450,
216865,
273232,
288212,
293660,
239370,
215876,
216133,
228352,
268204,
211897,
277224,
201831,
281616,
209904,
291239,
227591,
219807,
269224,
229810,
286221,
219965,
204892,
246861,
213275,
260859,
217791,
277206,
246916,
229710,
289031,
220119,
286490,
254101,
298372,
248846,
295824,
287828,
213749,
294735,
284283,
280425,
279346,
268571,
277595,
226194,
238568,
201296,
254725,
243192,
251268,
253528,
271877,
216278,
256992,
215292,
223275,
248393,
273268,
205797,
220664,
220227,
279952,
233867,
226654,
251559,
272784,
240265,
204764,
264379,
263348,
255912,
285791,
242251,
254256,
200191,
273664,
205972,
251553,
223009,
249927,
247468,
217829,
242970,
249047,
243939,
201984,
271476,
215171,
212802,
280016,
268327,
208793,
203107,
274126,
268986,
202883,
221107,
272967,
220021,
235267,
288040,
263855,
211993,
212681,
267381,
285703,
299434,
215000,
227592,
265755,
280065,
291396,
264979,
269140,
274475,
204188,
249598,
224417,
291018,
260706,
277021,
290408,
231656,
291295,
260872,
289469,
244470,
217287,
250632,
233898,
282393,
270051,
265761,
271140,
255595,
252581,
201428,
282206,
219069,
278515,
204001,
294428,
275484,
219687,
270894,
277667,
255060,
254305,
281431,
253773,
299136,
279466,
242463,
269748,
205878,
237310,
238593,
211465,
272917,
230294,
259477,
234320,
287736,
282083,
266757,
224123,
281290,
280357,
235068,
240790,
221132,
200319,
209633,
248783,
277836,
286406,
267373,
281084,
212134,
286143,
208274,
246984,
200458,
297974,
221124,
259615,
264574,
278838,
218288,
225500,
260337,
292259,
225794,
265341,
255253,
245695,
260884,
260599,
243046,
252524,
240648,
220969,
218914,
210614,
259847,
224696,
213871,
205033,
211837,
236806,
241714,
292125,
247066,
214982,
286139,
249806,
239243,
258255,
260457,
250097,
216291,
209709,
297442,
263469,
255487,
265291,
278236,
281224,
298891,
292110,
279005,
249786,
252327,
222770,
272071,
247064,
201107,
284890,
266746,
255545,
228799,
236204,
264501,
290040,
254976,
298742,
206964,
222632,
284434,
247457,
283751,
277208,
264098,
201834,
221865,
270800,
236058,
231894,
250804,
277231,
296949,
239100,
268597,
243972,
246083,
246213,
249176,
224127,
210967,
210912,
223387,
212551,
259814,
206751,
244573,
284391,
243070,
252287,
286463,
295112,
242221,
270632,
249322,
271987,
252039,
296996,
210809,
237223,
220983,
202530,
207898,
231609,
253354,
270404,
223255,
269677,
256767,
285052,
289579,
232618,
258541,
226862,
213870,
253526,
291029,
227639,
250848,
230749,
290178,
216721,
288834,
270664,
297992,
207163,
222688,
227764,
286919,
241166,
249747,
267731,
227268,
249994,
266995,
233634,
240850,
278309,
225301,
296315,
204842,
250779,
208370,
243694,
227866,
281956,
295596,
265358,
298488,
228637,
228633,
276589,
237811,
209524,
200121,
236450,
243890,
206305,
261550,
218501,
253863,
257810,
207589,
267654,
232699,
275198,
276334,
270455,
230488,
290984,
213715,
298056,
201103,
211768,
208582,
241438,
220828,
271502,
293135,
276676,
200670,
206974,
234328,
277796,
200196,
230809,
261613,
279973,
232242,
258607,
287888,
239311,
281100,
239845,
248960,
257321,
271843,
287594,
284778,
290479,
216090,
232931,
283094,
206511,
278963,
279131,
283874,
242532,
214241,
262468,
264075,
227729,
219657,
220148,
282591,
232244,
263378,
212202,
242359,
258656,
275913,
226576,
265756,
201267,
205508,
283158,
263162,
202541,
225780,
244111,
256391,
289317,
276277,
292062,
214590,
257524,
299325,
231340,
284852,
241290,
235443,
243261,
254064,
207682,
222608,
232965,
222084,
274404,
287651,
252832,
211194,
202418,
270601,
217430,
276723,
296857,
236581,
224396,
265625,
225247,
270641,
268490,
265475,
216124,
231501,
293461,
255750,
229606,
217853,
249232,
298724,
255794,
277982,
258072,
275680,
228011,
272492,
295677,
217890,
240041,
275557,
296660,
207790,
278588,
294537,
214549,
262811,
225224,
275287,
243321,
259993,
299528,
271673,
206840,
267307,
265171,
244950,
244141,
245462,
241278,
225374,
279390,
205359,
223186,
296282,
256350,
290113,
284993,
225433,
277026,
219810,
289491,
243099,
238424,
250813,
229952,
213988,
209576,
228498,
294868,
299075,
244144,
245364,
204155,
235454,
263484,
296977,
265983,
262778,
263719,
280159,
287870,
233275,
261004,
291536,
292349,
232026,
226941,
298331,
257159,
288941,
256357,
295529,
248933,
222572,
224112,
259328,
247199,
277431,
258404,
203555,
235093,
277125,
240395,
284365,
258073,
222865,
244247,
226697,
274265,
282633,
287356,
283175,
283307,
297544,
227046,
258930,
216506,
277217,
233719,
260326,
247913,
204824,
285330,
222832,
228818,
212378,
284758,
244124,
294945,
256990,
250280,
250359,
226252,
265441,
259090,
222480,
229955,
202882,
217180,
290304,
218121,
281978,
204662,
283239,
211461,
294474,
216939,
228823,
296287,
297760,
204153,
210083,
202010,
267945,
245922,
247035,
222554,
251683,
204315,
232636,
268716,
233337,
216955,
277394,
273577,
240138,
246356,
207062,
287167,
244791,
294954,
292783,
223801,
209198,
271032,
261401,
216996,
258694,
229954,
299195,
238812,
208452,
247806,
229912,
283043,
289169,
265205,
295834,
255452,
279653,
262084,
255677,
207599,
225024,
228453,
248410,
260938,
296497,
245580,
237676,
206611,
258996,
209767,
280963,
241934,
288795,
250411,
232255,
296932,
260656,
209161,
267486,
290232,
239596,
218088,
257757,
226876,
202661,
244440,
229702,
286814,
272672,
272533,
221188,
208091,
251515,
298278,
281939,
212286,
294594,
218520,
227047,
214606,
258128,
233414,
279997,
299684,
274364,
244008,
207620,
223460,
291897,
206573,
270221,
211061,
273014,
256469,
205578,
288672,
206317,
230439,
236334,
298972,
203590,
281345,
269302,
222060,
263083,
248566,
233592,
247941,
287056,
221713,
295067,
214854,
235676,
229044,
259360,
266446,
276554,
232846,
282273,
212072,
221908,
239967,
251826,
287532,
295347,
237571,
245157,
215697,
234173,
234056,
209883,
223465,
261709,
217115,
248827,
219390,
236560,
212616,
295867,
280123,
281511,
292241,
243960,
207524,
239491,
266520,
249387,
240174,
208485,
246989,
229090,
267674,
243600,
281996,
247889,
266863,
256373,
261913,
204897,
248824,
201130,
263755,
260806,
223974,
211231,
205927,
212908,
227305,
298197,
247817,
267607,
298074,
295675,
248203,
230823,
294546,
255660,
286693,
201578,
257157,
299358,
205185,
294586,
249353,
223225,
255082,
298664,
235299,
210141,
216786,
278496,
200722,
254518,
270543,
234709,
269260,
245946,
298404,
235435,
293626,
238820,
263994,
234043,
273186,
222266,
200323,
259165,
253527,
287988,
285072,
230481,
268186,
228442,
202183,
289102,
287565,
231707,
209090,
297330,
274355,
249870,
279618,
205673,
252057,
225966,
247041,
251299,
287805,
227879,
243371,
289357,
252406,
292964,
266309,
292913,
237230,
226336,
218368,
221599,
217262,
239943,
201768,
283466,
227237,
243766,
221926,
226521,
274998,
223278,
277127,
223808,
233988,
248924,
288386,
268363,
219818,
276110,
251906,
204159,
296273,
217605,
249777,
299582,
279039,
238499,
252793,
267849,
274827,
201846,
219026,
288169,
235320,
245482,
287106,
260276,
233850,
250996,
288425,
234213,
234038,
262878,
298668,
243302,
246392,
254074,
282648,
287577,
214692,
238258,
200417,
225876,
213282,
215229,
213219,
235869,
201769,
274107,
206651,
218002,
268239,
231543,
275955,
266042,
224583,
205051,
267512,
286526,
231480,
265861,
294926,
276204,
217822,
203885,
255937,
232688,
215135,
285992,
248321,
226168,
211269,
284693,
252745,
251784,
209787,
299935,
208691,
229298,
240114,
231438,
279629,
289452,
281591,
260261,
283225,
278828,
221742,
283849,
290243,
227605,
273798,
228153,
290329,
258997,
281561,
249768,
222040,
263816,
246382,
297796,
220414,
291541,
234944,
281976,
281488,
296931,
243442,
201256,
294539,
227417,
223764,
220747,
239470,
241401,
292687,
282168,
273582,
247732,
279251,
284064,
286565,
244312,
274131,
282883,
262590,
241046,
284141,
279407,
212066,
293491,
287012,
250570,
251507,
245782,
264061,
282209,
293956,
285605,
291713,
258009,
259750,
265305,
202156,
204246,
268405,
293818,
283542,
290254,
295045,
249312,
298713,
231586,
298993,
240580,
215629,
270958,
298934,
283111,
246991,
249586,
243044,
275852,
285896,
218319,
291559,
284326,
295771,
296095,
200306,
275808,
215642,
200298,
259574,
208652,
276479,
224437,
277975,
266953,
296708,
257833,
221704,
203423,
281134,
265055,
230585,
240844,
203506,
275138,
275353,
285809,
213779,
254693,
234968,
274172,
274563,
245954,
261971,
201685,
295228,
275804,
211805,
273594,
202019,
293400,
292770,
261938,
201767,
258149,
277718,
209484,
207874,
263260,
209457,
248330,
266645,
271818,
285635,
298257,
250624,
272215,
263062,
236228,
212280,
221933,
274234,
214326,
261645,
258484,
251006,
262643,
230188,
231973,
216733,
220197,
240960,
251968,
207632,
245807,
288094,
232809,
268666,
223690,
292331,
247704,
239173,
254654,
223361,
281428,
220036,
266664,
234526,
271970,
240823,
208979,
239236,
211344,
267013,
251841,
207889,
254440,
288350,
247694,
222823,
287132,
229753,
239637,
250435,
286665,
216872,
274932,
284815,
295709,
275766,
256825,
254851,
275182,
235574,
207857,
250030,
233743,
223783,
238234,
222316,
261406,
257786,
221743,
225665,
245831,
240371,
277037,
270158,
260086,
282373,
253549,
289059,
235637,
263283,
225425,
207999,
285808,
220389,
217202,
288680,
207752,
243432,
266356,
218414,
229873,
245773,
293861,
278060,
286674,
209645,
287477,
231559,
268184,
291127,
277409,
259604,
294828,
242030,
216609,
214307,
232296,
215092,
288856,
245367,
287204,
285473,
282999,
251592,
297962,
270016,
287615,
239910,
238175,
240299,
258260,
239787,
258167,
268055,
261849,
229558,
200187,
275096,
248529,
216568,
206559,
200066,
262818,
253976,
235361,
205516,
201557,
238553,
278368,
297104,
241895,
233537,
201965,
209270,
231489,
202103,
247408,
250243,
208434,
251939,
205217,
217935,
230100,
226078,
201940,
296458,
253572,
278423,
277689,
222877,
281471,
229791,
277991,
220493,
237025,
283398,
218922,
283533,
262926,
218589,
274194,
237838,
298075,
237562,
235702,
262660,
276521,
237908,
249099,
235974,
211991,
232393,
298410,
288632,
208507,
228299,
270359,
224586,
216987,
256858,
288069,
240677,
262212,
207258,
210788,
280160,
247195,
253212,
233826,
246560,
281967,
274402,
217022,
257337,
257161,
213690,
281831,
254924,
236001,
290193,
224884,
242637,
208641,
225935,
269383,
204748,
269980,
255759,
226475,
204799,
224108,
255093,
284605,
200438,
205106,
285068,
274028,
236673,
297419,
276823,
211757,
241968,
270507,
298458,
216470,
272651,
289692,
299467,
246595,
244443,
273658,
235086,
263847,
291836,
287337,
287231,
211435,
228675,
251790,
222935,
226605,
237513,
279650,
249466,
229856,
246709,
240885,
272749,
214425,
269881,
280495,
245864,
289673,
238566,
233896,
290286,
236597,
220371,
292404,
222231,
272226,
206636,
232427,
296588,
214785,
257917,
243306,
229405,
299514,
237683,
257050,
290154,
223775,
233131,
259910,
200656,
274923,
228141,
208174,
206347,
210958,
243942,
210933,
227384,
203477,
233842,
266050,
268527,
280009,
219443,
224854,
271217,
226039,
203677,
266784,
279161,
271640,
228519,
212421,
235271,
282570,
277685,
223468,
221576,
254114,
248745,
240587,
266871,
259606,
213858,
216425,
256556,
296702,
284721,
261897,
285037,
210190,
221041,
285727,
270358,
234768,
216236,
260407,
276062,
263714,
222994,
287682,
282476,
228542,
260827,
259453,
289088,
214370,
251111,
258013,
264043,
282814,
237561,
275158,
222038,
248627,
231594,
291026,
269445,
230419,
291366,
224101,
285955,
247280,
255608,
296971,
299468,
222681,
298336,
284893,
201418,
285082,
239840,
223019,
266889,
258406,
288802,
262863,
223239,
210440,
263768,
204386,
260365,
207300,
297957,
257285,
270995,
280441,
289764,
268760,
279166,
260758,
280909,
216972,
208590,
297269,
297819,
219980,
269955,
245258,
253056,
287761,
233715,
217913,
269332,
247472,
217938,
256284,
251897,
229899,
238114,
284726,
224062,
231938,
279656,
210333,
294638,
292038,
261956,
260372,
206489,
203767,
232371,
243504,
237093,
293288,
273356,
241687,
273788,
226803,
249692,
216288,
214035,
278918,
273436,
217342,
280427,
227439,
264096,
297175,
267901,
225651,
259290,
221114,
262508,
231994,
245796,
238409,
202305,
208558,
229693,
243713,
275827,
283456,
290670,
239891,
220955,
245027,
249761,
249410,
280980,
261785,
274174,
232094,
223940,
282950,
214494,
288639,
231876,
251891,
275218,
287921,
233619,
242087,
244714,
285257,
218387,
277462,
256855,
243217,
239085,
229438,
281545,
262449,
248225,
233208,
287094,
269229,
227119,
274282,
228667,
237871,
230301,
233006,
201695,
298399,
251225,
220312,
204197,
200888,
240215,
263708,
247856,
272006,
254218,
216472,
298865,
227015,
296569,
266624,
201451,
267565,
211439,
245026,
261711,
279842,
291069,
249153,
295531,
221469,
210648,
223763,
264239,
217575,
278738,
207183,
214654,
229897,
203305,
224550,
298220,
230069,
223872,
237697,
286004,
282554,
212451,
283371,
271809,
237641,
278722,
209705,
280874,
215425,
298692,
244278,
283541,
248943,
290314,
205810,
220128,
239282,
245985,
208144,
289857,
264537,
279625,
241017,
206836,
259877,
247755,
241651,
237033,
222759,
236230,
204300,
248888,
248162,
220508,
203451,
228977,
261179,
208677,
272347,
250143,
205433,
270974,
229434,
227478,
210503,
223245,
274386,
259232,
278962,
254449,
266935,
209929,
225647,
258059,
215481,
291526,
271278,
248930,
212441,
203357,
202506,
239700,
243917,
242527,
219392,
252087,
220725,
247406,
285507,
290097,
268729,
249739,
297561,
248257,
279783,
298092,
286631,
201691,
261270,
266363,
295801,
251510,
232664,
283096,
299361,
202382,
204968,
239165,
220134,
205360,
291416,
295490,
231681,
248216,
291569,
269816,
201515,
244447,
273901,
295563,
260627,
274529,
276297,
260670,
263254,
256669,
260112,
234948,
202318,
243341,
255989,
257140,
247046,
240487,
261789,
285596,
220993,
230338,
243732,
272816,
251465,
201329,
201703,
274247,
264057,
249725,
251611,
290381,
202580,
240162,
212645,
224673,
271946,
215624,
217664,
244098,
276995,
253848,
216037,
285443,
285655,
237256,
285657,
210144,
296715,
206308,
226205,
208930,
293107,
203768,
282447,
228164,
231568,
223216,
233765,
259017,
276195,
275783,
231726,
233329,
296781,
205943,
227578,
242427,
263292,
229458,
218444,
252890,
236239,
231645,
262250,
277157,
200229,
250791,
256751,
276683,
240255,
274952,
290525,
223268,
205275,
261059,
236798,
272797,
218475,
282164,
282619,
295414,
224382,
202500,
256757,
292854,
283296,
236292,
240324,
274793,
221179,
210551,
229334,
265897,
221740,
292048,
297973,
246264,
255876,
207271,
268178,
292974,
275793,
276283,
226232,
240623,
220818,
278640,
225366,
299333,
212865,
218723,
239300,
260630,
244359,
285853,
289542,
283133,
248301,
243204,
289114,
282623,
282798,
261399,
213628,
293562,
239002,
279804,
215364,
210183,
249388,
222713,
278336,
296823,
274197,
280513,
253681,
271017,
226569,
280858,
234959,
209741,
249372,
273723,
211515,
268436,
203956,
231859,
217156,
271291,
237638,
224285,
296131,
236258,
286542,
281517,
288737,
262750,
256027,
250082,
284745,
291368,
261467,
299596,
282524,
297868,
237459,
295356,
240794,
205951,
285488,
263638,
244802,
206491,
253643,
203341,
206953,
221412,
277100,
277697,
209707,
213967,
292004,
280581,
212455,
257017,
284170,
208664,
221159,
281810,
233405,
235315,
224738,
246928,
228939,
208016,
250417,
285782,
282594,
219369,
228361,
237959,
291581,
226819,
213976,
210316,
268624,
283819,
256578,
290010,
219947,
207961,
259137,
222168,
239665,
296029,
280842,
262923,
259237,
256300,
224183,
287504,
244246,
272268,
225704,
200119,
219686,
243602,
258496,
250650,
216703,
254055,
209874,
264073,
259744,
230363,
276786,
234618,
239560,
235695,
223206,
285923,
229610,
270752,
288558,
216377,
238407,
242996,
257402,
229747,
256785,
272000,
291546,
250736,
207958,
275029,
267828,
297941,
277658,
296531,
268205,
279486,
222210,
266639,
271206,
257623,
206728,
265724,
211638,
239041,
293134,
265352,
261692,
296453,
217305,
224641,
236059,
290114,
220557,
286118,
272232,
274055,
259108,
277413,
235498,
286155,
240415,
231763,
268830,
208994,
203006,
235922,
230017,
266271,
207025,
242292,
252309,
202135,
207731,
271346,
203062,
265474,
243082,
226399,
297734,
213005,
279692,
253351,
215945,
262856,
273789,
278681,
266631,
298700,
206797,
213395,
255614,
217660,
239184,
288263,
246811,
257794,
285540,
235580,
211280,
228357,
235793,
246651,
290245,
214801,
295255,
220945,
253170,
247845,
240718,
267266,
241630,
217279,
207565,
276873,
238884,
219235,
291098,
259502,
275100,
289566,
274679,
267010,
212498,
212968,
247562,
244873,
289484,
216914,
278144,
267120,
235015,
248037,
222735,
292984,
288287,
296479,
244137,
277871,
265975,
284642,
203854,
265276,
278526,
233926,
215111,
299271,
240796,
224081,
283813,
295098,
292834,
288239,
258079,
217753,
225807,
241581,
222429,
236110,
235607,
294276,
214357,
211831,
237315,
253499,
269985,
225696,
214325,
247493,
215022,
299706,
206346,
250231,
272476,
250295,
207033,
209745,
263002,
247411,
296924,
241824,
242423,
234319,
272694,
224885,
253361,
245480,
288384,
255439,
275119,
285077,
232032,
260490,
276550,
295572,
239911,
246374,
237466,
297802,
229933,
276691,
223503,
289587,
247811,
296727,
268261,
289825,
275417,
297871,
228161,
241224,
250645,
229871,
268409,
213089,
206295,
266009,
242119,
203700,
229726,
238525,
225318,
263074,
226687,
234273,
228740,
216227,
269910,
292890,
276530,
290729,
203760,
236254,
231841,
273020,
217992,
211680,
293452,
251396,
229196,
229288,
200040,
243088,
232916,
218315,
217557,
256039,
294066,
237797,
250046,
252324,
202772,
253165,
260274,
257385,
299144,
249667,
220140,
290410,
297289,
259143,
259558,
200002,
236320,
252847,
231178,
226427,
256414,
262454,
280794,
235219,
215749,
252137,
282564,
248990,
200244,
249364,
201316,
279461,
213508,
230599,
262219,
206849,
274853,
282195,
249170,
282857,
278395,
221357,
250399,
238060,
273962,
263304,
298154,
222560,
265507,
252943,
295783,
294384,
281703,
212440,
239299,
286181,
277974,
298064,
291929,
293381,
291360,
216729,
247471,
221215,
266292,
286998,
259801,
254599,
283948,
238483,
279373,
240857,
234748,
266353,
262331,
270073,
212971,
286990,
245362,
201944,
293174,
238189,
254003,
214454,
225732,
253490,
289116,
265386,
295320,
280297,
202232,
267390,
262652,
271377,
281509,
260877,
281057,
251166,
285409,
224910,
283838,
255840,
212663,
243464,
209643,
214315,
203083,
284561,
298809,
259212,
208616,
233751,
220039,
244862,
264576,
205930,
214543,
233525,
294849,
234733,
214334,
206514,
246069,
272852,
292722,
271307,
220594,
242986,
283414,
235088,
255854,
278535,
248472,
244121,
268699,
261244,
255624,
245493,
290749,
237187,
275774,
287882,
228712,
269258,
210734,
225914,
255760,
296662,
235074,
289736,
213215,
291939,
260313,
204725,
252325,
241227,
257422,
217649,
259767,
288541,
291060,
255273,
214386,
211763,
278568,
289113,
211392,
206996,
245043,
215217,
275888,
253454,
256511,
225950,
267720,
255773,
245247,
218941,
208420,
255048,
280176,
239792,
266483,
285327,
283165,
260717,
202433,
246228,
287543,
239101,
229794,
239462,
242189,
240826,
258258,
228328,
220785,
202069,
239899,
235016,
229540,
222661,
260830,
200622,
255270,
266306,
209946,
206814,
278942,
233264,
245015,
272283,
264329,
284690,
232227,
222975,
206057,
251601,
254013,
230644,
295973,
294002,
220382,
264068,
205537,
210590,
237685,
254929,
275054,
247924,
205833,
261420,
258492,
216198,
251076,
252700,
220286,
289028,
207193,
243184,
232058,
218309,
272594,
204034,
222262,
255548,
263174,
264395,
229024,
214802,
281338,
235120,
288294,
204760,
220423,
262853,
266990,
223129,
239740,
295519,
274796,
231874,
254550,
222315,
281073,
218150,
277024,
227096,
280537,
203281,
292963,
291610,
272760,
236790,
281875,
257428,
212053,
268638,
289096,
219093,
201174,
241817,
242844,
277625,
291722,
219670,
262730,
299444,
277613,
278614,
250754,
260272,
256172,
296322,
287598,
229042,
228447,
270421,
296916,
247787,
271757,
292569,
292575,
295733,
248662,
276050,
247594,
240319,
209486,
299699,
219140,
265371,
258948,
234799,
230470,
289622,
286417,
246825,
210133,
273304,
298439,
291450,
200903,
236064,
221063,
229622,
234147,
299296,
270111,
276436,
217134,
215246,
285800,
212828,
277011,
219170,
273871,
231432,
204827,
225862,
255799,
245498,
267614,
271862,
245368,
207896,
233387,
246632,
221082,
232221,
213507,
201792,
276132,
214635,
214502,
224010,
238658,
283779,
263438,
263243,
271355,
291079,
277612,
293082,
260503,
269008,
261607,
249476,
277357,
215276,
215418,
243336,
222919,
251309,
298622,
294041,
264345,
213890,
249043,
211396,
256657,
245850,
220061,
259329,
245317,
225865,
238315,
203991,
257339,
282920,
279333,
207711,
267598,
249680,
212482,
231778,
287338,
272730,
245578,
236932,
270982,
221354,
263590,
292530,
208530,
283430,
213470,
255114,
208966,
240343,
253084,
279222,
297645,
270220,
263788,
266205,
248927,
208354,
210878,
209171,
273561,
243553,
223621,
219374,
296641,
229368,
222108,
243191,
207635,
258062,
297514,
277726,
288681,
293465,
277926,
291947,
260844,
283041,
212791,
202313,
262463,
211090,
200860,
274092,
289580,
277644,
279969,
210923,
204073,
255306,
287354,
252958,
264678,
276045,
252345,
207697,
287324,
284863,
252898,
208738,
296763,
266718,
293358,
226287,
252089,
294237,
230670,
231333,
276005,
268037,
261704,
206279,
231508,
235507,
286979,
210044,
216866,
223773,
251272,
206195,
299028,
260967,
299609,
219923,
261436,
250526,
281791,
249906,
283103,
249874,
251271,
209122,
202204,
299965,
225430,
232345,
234933,
225158,
281902,
299106,
261989,
254788,
264309,
211577,
224321,
286279,
252451,
223238,
228880,
246339,
232824,
283125,
266580,
282274,
229555,
274081,
262208,
214102,
297234,
201819,
298112,
293246,
274884,
248440,
250014,
281694,
218788,
290377,
204653,
229605,
243209,
282291,
236458,
249855,
272999,
210184,
248161,
224592,
293229,
214327,
231867,
270066,
248190,
243558,
275603,
291403,
282140,
269885,
235307,
287978,
279352,
246975,
250348,
216307,
201305,
222098,
247062,
230251,
231860,
212278,
296528,
258571,
281458,
207024,
238417,
203644,
219746,
231560,
282035,
201836,
239584,
264741,
298396,
216601,
295106,
290264,
255406,
237842,
289209,
269261,
297282,
291845,
253197,
288861,
299469,
290837,
210009,
292742,
251638,
284413,
297694,
211980,
281112,
241768,
269195,
235512,
244814,
231848,
201476,
280773,
200884,
250628,
221534,
210686,
259499,
287551,
202834,
213368,
266461,
215356,
244399,
258480,
211200,
205300,
296855,
284272,
208640,
243086,
228924,
236877,
244389,
269497,
282058,
297545,
261661,
200510,
203984,
255065,
235556,
216885,
245366,
269604,
259378,
275374,
295630,
295439,
284638,
279112,
292787,
284697,
266960,
223899,
269175,
285227,
255300,
285660,
278826,
285917,
216088,
257996,
298430,
218700,
244394,
272351,
207844,
292212,
241960,
285877,
200130,
211436,
210781,
218051,
280883,
236912,
279052,
231226,
202443,
297720,
294745,
219272,
269028,
257415,
244754,
221968,
221973,
279608,
220780,
231835,
287932,
255738,
209188,
279854,
288618,
247613,
233972,
216942,
258362,
283334,
218709,
290598,
276819,
269422,
219040,
280974,
267662,
213340,
230874,
225331,
261850,
299559,
284118,
274652,
269712,
203393,
236319,
290822,
228206,
289665,
219399,
248694,
255101,
205302,
229160,
268310,
200020,
221391,
223942,
203557,
220824,
201200,
296118,
295587,
278201,
246143,
279008,
226857,
283434,
212829,
261117,
237943,
233851,
269027,
296089,
256696,
252919,
202471,
231897,
230750,
243484,
239561,
257770,
207633,
247077,
233177,
248298,
266853,
273626,
262102,
211017,
211883,
223573,
269235,
259023,
282916,
281789,
265372,
210337,
216446,
216218,
238834,
253775,
258619,
239803,
277999,
202388,
233681,
243588,
206000,
275640,
223608,
279495,
219519,
243708,
299742,
279617,
270788,
271944,
244223,
238123,
277396,
299342,
281311,
299552,
290117,
237921,
285341,
233901,
248891,
279288,
278469,
288669,
237584,
230659,
295522,
298320,
208688,
232449,
277737,
216001,
227652,
268848,
224637,
236233,
228961,
283513,
229789,
256132,
208619,
269530,
209968,
232934,
240312,
230148,
291928,
284696,
297469,
204667,
224760,
244286,
211028,
265771,
251934,
247776,
287852,
258375,
255818,
232409,
215373,
211182,
251378,
271518,
244350,
205058,
272097,
291609,
215904,
227309,
241196,
294447,
231689,
286974,
225822,
270843,
231170,
242086,
256087,
227532,
241833,
216588,
276000,
256787,
243121,
217771,
245879,
268106,
287369,
254412,
239464,
225307,
291970,
253850,
278356,
210165,
210418,
234954,
219777,
217294,
250914,
226331,
265248,
234180,
240760,
246464,
282328,
222120,
204329,
236277,
213456,
204901,
253817,
213591,
207849,
227341,
229031,
299153,
294103,
221486,
266192,
205100,
244054,
216592,
230986,
249913,
289633,
276036,
281294,
260639,
266023,
259804,
249705,
282193,
294775,
215200,
253173,
247666,
234447,
207593,
210964,
261809,
225792,
278531,
296207,
284953,
250565,
274504,
284451,
292040,
275800,
249982,
213775,
285880,
282544,
209203,
216583,
271288,
256637,
289450,
215040,
245085,
241279,
294174,
270719,
207693,
233260,
283677,
281419,
272641,
276332,
280188,
227554,
241293,
210140,
290363,
207241,
266559,
253723,
221162,
246961,
274813,
271015,
277178,
202763,
213799,
285102,
219793,
297633,
264290,
235557,
278954,
223374,
200203,
255204,
219999,
243941,
264106,
204793,
223568,
291798,
222019,
252572,
278778,
243767,
223829,
251423,
225882,
208319,
203181,
231617,
276799,
296966,
221293,
251773,
222569,
214283,
295994,
283448,
299932,
235144,
215798,
221794,
280504,
288148,
296189,
267713,
214160,
257845,
280856,
242413,
291952,
200468,
274785,
285457,
248389,
296070,
251872,
209461,
208374,
285996,
273863,
252454,
297362,
217223,
244908,
209521,
234516,
272832,
201035,
258141,
204042,
240023,
217547,
213358,
255012,
237183,
263244,
276898,
292577,
219098,
297900,
265000,
293946,
227864,
284264,
262670,
259730,
243864,
224099,
248299,
218191,
241588,
234036,
276880,
226074,
220499,
287658,
263205,
245866,
248153,
226764,
240388,
262731,
236692,
270505,
243475,
279305,
223212,
207065,
206306,
201613,
295946,
290558,
239671,
276660,
226132,
293340,
223719,
221586,
206357,
231324,
246108,
292589,
283490,
293203,
226393,
202319,
221375,
284412,
229213,
273727,
251673,
260497,
225956,
221901,
270712,
203611,
216741,
289243,
260125,
202131,
274622,
286343,
203279,
251017,
252436,
264298,
212719,
271934,
290432,
211549,
247881,
222303,
232502,
291740,
284584,
212911,
277589,
220802,
286208,
260069,
290139,
210178,
213583,
205662,
217057,
250055,
214629,
208132,
208666,
291982,
213118,
289340,
265134,
202578,
276379,
229083,
273185,
224189,
294275,
252920,
221260,
240386,
223762,
206638,
208293,
298387,
202780,
236369,
210957,
223694,
213511,
229089,
290807,
254858,
259280,
292947,
232182,
245632,
247679,
212606,
289980,
234256,
253920,
266368,
217474,
279084,
250834,
287117,
258415,
239008,
281063,
204918,
252701,
279132,
269625,
212423,
220138,
264446,
219135,
246646,
252852,
286543,
282277,
204544,
289878,
276752,
204774,
265782,
218667,
256959,
221078,
238528,
232811,
285979,
259261,
235009,
203339,
245057,
206695,
240513,
269972,
268069,
212373,
258134,
242586,
204024,
286580,
229590,
206989,
256053,
217857,
267748,
269582,
211366,
252960,
201590,
209004,
272493,
259218,
246402,
220488,
203271,
219614,
293977,
291339,
233770,
281721,
203031,
278511,
218069,
203997,
298914,
226171,
202889,
246157,
216704,
240523,
266149,
233800,
250365,
254176,
256477,
280173,
222027,
229475,
229000,
246466,
288690,
289612,
263144,
242241,
256540,
214548,
243536,
243074,
264709,
293532,
250733,
269349,
298872,
249126,
252065,
225961,
230492,
256388,
220693,
223680,
206441,
242915,
246966,
233151,
274891,
224491,
201930,
262981,
236462,
274982,
206892,
238531,
241902,
233447,
281659,
243131,
266511,
212731,
203382,
298001,
279829,
291384,
296126,
291530,
265189,
288508,
285710,
267099,
241844,
266117,
213655,
232432,
244504,
211260,
215062,
287319,
275581,
295275,
279869,
223237,
220304,
268477,
242011,
291828,
261255,
218936,
258471,
269832,
254139,
277691,
213281,
258171,
254838,
290041,
241179,
221276,
257462,
208842,
243592,
266443,
283990,
259856,
246940,
201949,
225325,
231376,
259749,
201360,
299640,
268600,
225219,
208635,
230373,
203744,
200875,
224378,
299330,
247286,
286190,
257844,
245778,
232736,
271494,
297693,
247359,
208285,
214225,
294289,
250010,
230276,
253867,
218510,
210644,
223042,
269296,
225624,
293850,
245046,
235964,
226981,
265412,
256429,
209262,
208389,
253893,
244296,
223937,
225121,
219555,
234722,
264110,
214064,
242078,
216836,
211133,
291669,
203758,
219663,
254510,
238365,
293261,
298522,
277156,
214030,
288846,
227080,
226024,
299775,
214260,
299728,
255036,
241810,
284005,
275485,
268658,
222177,
261710,
239552,
290328,
278373,
250406,
279572,
226655,
201621,
225260,
250395,
203203,
210042,
212778,
218383,
262052,
257766,
268125,
283321,
231916,
246635,
209477,
247591,
285587,
299108,
204908,
291187,
282305,
225187,
265493,
298427,
287236,
280038,
252472,
200584,
270691,
200543,
216980,
216897,
272154,
298171,
245851,
292322,
245689,
200102,
230007,
283535,
231624,
212357,
266980,
235500,
270206,
207069,
240037,
288480,
210860,
247051,
218563,
222280,
208581,
212849,
241492,
239394,
220751,
253665,
262657,
202659,
261923,
225936,
266322,
206555,
289705,
263633,
251623,
252341,
205121,
221466,
241423,
269882,
246088,
247847,
230579,
294247,
243598,
216514,
227963,
260406,
228276,
280582,
292136,
266109,
268786,
292304,
283880,
274366,
281406,
214965,
275588,
219749,
213345,
256061,
219230,
275336,
229375,
286943,
272971,
220100,
269490,
233798,
292634,
277519,
216646,
277167,
256175,
260645,
231723,
268234,
241031,
221738,
270344,
217815,
243252,
275940,
225265,
224839,
253417,
270456,
248450,
230768,
216938,
253750,
260736,
260873,
266455,
228819,
202306,
204460,
214318,
225198,
282745,
290084,
263001,
283297,
280831,
200240,
277918,
215010,
241335,
201643,
272398,
241776,
209494,
283979,
248315,
222815,
229667,
233267,
216023,
266517,
289414,
253715,
228896,
232503,
276622,
283666,
291625,
290330,
240792,
243998,
216060,
274130,
279117,
237548,
248652,
281833,
233820,
248553,
279037,
203543,
275258,
213015,
241694,
216869,
229725,
217841,
254489,
265120,
293191,
226373,
218136,
221849,
260734,
242379,
215001,
247696,
229169,
272903,
250958,
282289,
214775,
203607,
246482,
276172,
241090,
269719,
279086,
214876,
258366,
237211,
213235,
253682,
206756,
258113,
244716,
263848,
210441,
278269,
230570,
257725,
285650,
212389,
214445,
256471,
293484,
298858,
292520,
235262,
245225,
248084,
284483,
264719,
227109,
205775,
282527,
234157,
287750,
260693,
242921,
272636,
213814,
238098,
229417,
249022,
270148,
276294,
275602,
285659,
290206,
244109,
245685,
291949,
293088,
208412,
201004,
207165,
273937,
293595,
267395,
218144,
218528,
228160,
273623,
281152,
288829,
272911,
223755,
275651,
274876,
292123,
201943,
242945,
259335,
235855,
287174,
244880,
238502,
291149,
295818,
259983,
292480,
221123,
282421,
272061,
208673,
211677,
267957,
254089,
200941,
213202,
216458,
230116,
267634,
289078,
295364,
206689,
222469,
261927,
207677,
218469,
275070,
264412,
225722,
257498,
211499,
202113,
285324,
200553,
299023,
254679,
285675,
255138,
233427,
284579,
233333,
218904,
246513,
290692,
230415,
207902,
276287,
294094,
223831,
272182,
297590,
206093,
276670,
203553,
234336,
247788,
242388,
297481,
212745,
219541,
245958,
201810,
264364,
246325,
227199,
290406,
279497,
246243,
224510,
288642,
284202,
237068,
252544,
258394,
249659,
297230,
275085,
217260,
233354,
216011,
241583,
249664,
278497,
294458,
223092,
222864,
212533,
200603,
213574,
292016,
230553,
204310,
282171,
215275,
243272,
288470,
214231,
238538,
296111,
226829,
244353,
235037,
277459,
250788,
237863,
284936,
236552,
261748,
296908,
269935,
228624,
213800,
296624,
299462,
212508,
230683,
274941,
259190,
254179,
269946,
298998,
272599,
261340,
264234,
283077,
238845,
234540,
249219,
252663,
203209,
295753,
296511,
259474,
263588,
201790,
247276,
204512,
269873,
269978,
242673,
229619,
291425,
292922,
214697,
261882,
274041,
256694,
266542,
227665,
272802,
254234,
272110,
264118,
209195,
257927,
267327,
262381,
290374,
292300,
285454,
259728,
281955,
253008,
289374,
231672,
234603,
209813,
293807,
253698,
244259,
227215,
277961,
247473,
219106,
294090,
246774,
266181,
274968,
222013,
295785,
282666,
231114,
299240,
263568,
240047,
220489,
287557,
227176,
210330,
299265,
291116,
257246,
233429,
247646,
270484,
273687,
240571,
262769,
290500,
275580,
230889,
270620,
212723,
237628,
221776,
281965,
223041,
296403,
256488,
242758,
217799,
274164,
201384,
297136,
205174,
237473,
276083,
287650,
209210,
219086,
256563,
273876,
216455,
267808,
253233,
201573,
231068,
269964,
295829,
274948,
269477,
215700,
260886,
255845,
257423,
272645,
275442,
213515,
296505,
258180,
299872,
200627,
205749,
201638,
200290,
282645,
212412,
257985,
207510,
280207,
205941,
232269,
206750,
277212,
277554,
220830,
266146,
229732,
289080,
269862,
207246,
271595,
242646,
263042,
217781,
236486,
281864,
216977,
293015,
219934,
294001,
243664,
249516,
289433,
250089,
289030,
237295,
240761,
203682,
228324,
270096,
293307,
208866,
243115,
293554,
269236,
205916,
213042,
259055,
279686,
242453,
233445,
247292,
299512,
285699,
283335,
204851,
224508,
237533,
294149,
210725,
245803,
236525,
297620,
210094,
232420,
296992,
230046,
287912,
240427,
216892,
260673,
296151,
274768,
228820,
227122,
222479,
268734,
214264,
254903,
214427,
237281,
290167,
280154,
267550,
287626,
290750,
284886,
231511,
260907,
224366,
258250,
208133,
264303,
234037,
284303,
285591,
282428,
205827,
253403,
288178,
232373,
282927,
253776,
285352,
228505,
269000,
234614,
267527,
241705,
293275,
273971,
294150,
232772,
287079,
204274,
272900,
299010,
229342,
257721,
219400,
212948,
219836,
258852,
214832,
263119,
230779,
243160,
270124,
236653,
295594,
204041,
292629,
223558,
283238,
262334,
246017,
218977,
250349,
281626,
244136,
236423,
284797,
299711,
259768,
249984,
217353,
253007,
213079,
212680,
279105,
274534,
288395,
256455,
290533,
219924,
232577,
258992,
297392,
295204,
213606,
284977,
252658,
262752,
248252,
228346,
275375,
232856,
273563,
245522,
261715,
288376,
234384,
222005,
291780,
283986,
261733,
225782,
243486,
270539,
218342,
241573,
200833,
257269,
205584,
251376,
238974,
289318,
262699,
246922,
293322,
202608,
253016,
201705,
201392,
206945,
269320,
272210,
281728,
219444,
263024,
250125,
212733,
271565,
227220,
282852,
258661,
217994,
207261,
207670,
224992,
219391,
242135,
221984,
237311,
200325,
266370,
202739,
291930,
287926,
271855,
295424,
203909,
267447,
255255,
271092,
225474,
292820,
246639,
206775,
231770,
217709,
201689,
239158,
277742,
282455,
240971,
241998,
263419,
242138,
204735,
297010,
276985,
296316,
260571,
218279,
290062,
200505,
238272,
231976,
259880,
260234,
270467,
216206,
282175,
296533,
202356,
201398,
287080,
236394,
202652,
269075,
287652,
240296,
293406,
262160,
227316,
213001,
250857,
214841,
222992,
294311,
226494,
255633,
224995,
269369,
248171,
204511,
269074,
244421,
241484,
239752,
242064,
234141,
287871,
256949,
287169,
298652,
218881,
268961,
282326,
273111,
287726,
232985,
274975,
277664,
296999,
217502,
293713,
243236,
295303,
227981,
293691,
244584,
223519,
201300,
246010,
210071,
288006,
292993,
260298,
207923,
258783,
236193,
289336,
298363,
219578,
270541,
226380,
228589,
277631,
235422,
205977,
264760,
270960,
217269,
201530,
234897,
218336,
292581,
263215,
231670,
223881,
217498,
253411,
209196,
298482,
271666,
227761,
208566,
220782,
276994,
296798,
248669,
222080,
282202,
286395,
233515,
245827,
270634,
229493,
227611,
220976,
255690,
273714,
254385,
214890,
221245,
270290,
200310,
217477,
244720,
261973,
223187,
228041,
222966,
259371,
211619,
279147,
269311,
288163,
298279,
262442,
291564,
298405,
235269,
286106,
288261,
251488,
271694,
297411,
261560,
254696,
279542,
251483,
286861,
213514,
270945,
246227,
270081,
252313,
245351,
254849,
275071,
243027,
233060,
296901,
264600,
246113,
245601,
241300,
247456,
276245,
226066,
254811,
290928,
242749,
216497,
200582,
272065,
226495,
235608,
280151,
295281,
273835,
287435,
264890,
271368,
289952,
260590,
227394,
222784,
223896,
228451,
243053,
270721,
296554,
206999,
216166,
248217,
231589,
212351,
289519,
252000,
211378,
273673,
220721,
277262,
254644,
244478,
242310,
225060,
266723,
237605,
265633,
273434,
222571,
209549,
241237,
233441,
278841,
244175,
277336,
221841,
277318,
209589,
275814,
234535,
212292,
291501,
239374,
228810,
216722,
273941,
222766,
257461,
226259,
292941,
278888,
246673,
291401,
225153,
214794,
251996,
254373,
287002,
231206,
286832,
289743,
229462,
251884,
229625,
298651,
286017,
271338,
208365,
254140,
256109,
294807,
279878,
262067,
280017,
221032,
279060,
233210,
246480,
233677,
290804,
239871,
235876,
294767,
260981,
283369,
224093,
298388,
203503,
297310,
209305,
260750,
249763,
293625,
264647,
238892,
263812,
204195,
269511,
227518,
263210,
267464,
288303,
206166,
230964,
279212,
295957,
227747,
202401,
234094,
245949,
284353,
279734,
234699,
246173,
280853,
296875,
209558,
207182,
205698,
258344,
218642,
290650,
280568,
268989,
238479,
245450,
284289,
280083,
210457,
262307,
287542,
233380,
226143,
210919,
200168,
250008,
222884,
274607,
230855,
215887,
258479,
288850,
247140,
259241,
265066,
205428,
222290,
255891,
267096,
284099,
226101,
291739,
235055,
268861,
273194,
233431,
215723,
293029,
236291,
231782,
202043,
276829,
285743,
248574,
252839,
225290,
250616,
223961,
224660,
236300,
266881,
280348,
200618,
273074,
247614,
292565,
222370,
269669,
267356,
223794,
234845,
257111,
217667,
283395,
221371,
269277,
210509,
238160,
211985,
251209,
245824,
246849,
261567,
216381,
295092,
208153,
290485,
230878,
211103,
282737,
203774,
278639,
269191,
298084,
236310,
200615,
287674,
259989,
236231,
202832,
238355,
228611,
209057,
249540,
200318,
260418,
268895,
259169,
236674,
216484,
262367,
281366,
266439,
286933,
205182,
241722,
207864,
271457,
212061,
276087,
253583,
244457,
214061,
221745,
212989,
206209,
232550,
227678,
250214,
245749,
258788,
266311,
259776,
247480,
267439,
259939,
267170,
242067,
298342,
207230,
239144,
218736,
287210,
208947,
248540,
257516,
213134,
298292,
255919,
298764,
246335,
244140,
233629,
253363,
233390,
235896,
292017,
216687,
290186,
283588,
261335,
292809,
234875,
286712,
247345,
278329,
269952,
295049,
203621,
247959,
272665,
260336,
240000,
200621,
250339,
269639,
281448,
227247,
260083,
291953,
236305,
248247,
208904,
218997,
291126,
215494,
205240,
207525,
297895,
243518,
296779,
223570,
264254,
251437,
241686,
262772,
225390,
242960,
264050,
251467,
250251,
258620,
267171,
276060,
268777,
236203,
278422,
250185,
260400,
239669,
242348,
284546,
210595,
236953,
237988,
275667,
212705,
296819,
247996,
269578,
262886,
297483,
267239,
206245,
226923,
221246,
257571,
280899,
276636,
258937,
269474,
225449,
282443,
235035,
274882,
225659,
280011,
212489,
264570,
284746,
250242,
288944,
271274,
211835,
235451,
255213,
214024,
223483,
209239,
221817,
228204,
280908,
296061,
246084,
238816,
249964,
207164,
207020,
249625,
285672,
288302,
207924,
295300,
287694,
252044,
258994,
280934,
222778,
293665,
216974,
205346,
209393,
227114,
279487,
240410,
212787,
222645,
282738,
217027,
202784,
296209,
200473,
203307,
271708,
227299,
270238,
297755,
288266,
228129,
262148,
271892,
247557,
266336,
255508,
233164,
232380,
253530,
227139,
235389,
261301,
273790,
283346,
236817,
211219,
259485,
288347,
204647,
201402,
233980,
264365,
213244,
224409,
226497,
251572,
281708,
204759,
201933,
234673,
296936,
213623,
292117,
282229,
232353,
272025,
245990,
262141,
276720,
272524,
279819,
293513,
259788,
263076,
202494,
272212,
241770,
273514,
297926,
278546,
271461,
227753,
203571,
228967,
227011,
273083,
229220,
293527,
263625,
279075,
202795,
286210,
229890,
275958,
290523,
297227,
224457,
262357,
284763,
226297,
270478,
257886,
273096,
270853,
200287,
215752,
241118,
219256,
207351,
240657,
289987,
250401,
254621,
209564,
211938,
254273,
249051,
227128,
266275,
229782,
285884,
264157,
221747,
235606,
202285,
242354,
231225,
259532,
215507,
252778,
255828,
278344,
255443,
288993,
243208,
270713,
238742,
219190,
258257,
241042,
222131,
289043,
228333,
227301,
277555,
209224,
257023,
285124,
220814,
292755,
231394,
202208,
299617,
271095,
258771,
227744,
207991,
230620,
209128,
208252,
253320,
261503,
216042,
201518,
287298,
285921,
273923,
249709,
261847,
279590,
223489,
261642,
281201,
273961,
219588,
239473,
203789,
243488,
265111,
265311,
261267,
206016,
285539,
288008,
298443,
217309,
220463,
257541,
277653,
207304,
210589,
241513,
217619,
226974,
241625,
228539,
240245,
233593,
222558,
222593,
292798,
292443,
233250,
236158,
282027,
212157,
205824,
211675,
284172,
218031,
253800,
222488,
212546,
214656,
299823,
298650,
228947,
258089,
226289,
297701,
298437,
244828,
297638,
252975,
293790,
275426,
245255,
298780,
241481,
270855,
276850,
217572,
241313,
229237,
255352,
279357,
260642,
268868,
291596,
256935,
283870,
208113,
214690,
260093,
200685,
229300,
235836,
273277,
259556,
250343,
248274,
295947,
204596,
247248,
240170,
267543,
265565,
296950,
234248,
214761,
217189,
296165,
210617,
255687,
247291,
241307,
244830,
296976,
287766,
251448,
216009,
217993,
221814,
296144,
251768,
201680,
213261,
208138,
277646,
217479,
279148,
201868,
261962,
251215,
228476,
225002,
235126,
224444,
277540,
222937,
245252,
298057,
277941,
240460,
209581,
231616,
286725,
245818,
281494,
263510,
217776,
227043,
268216,
261477,
241429,
209824,
269441,
261126,
289662,
208597,
294479,
264725,
260267,
215370,
258831,
234893,
213737,
237766,
228072,
259203,
297258,
231575,
228165,
290478,
278822,
247389,
298575,
259454,
291269,
264161,
263636,
206253,
227940,
223235,
275600,
296689,
225689,
267424,
202934,
264231,
247524,
200033,
266950,
202219,
235551,
225804,
267387,
235070,
272482,
230379,
202130,
281161,
220744,
218806,
247194,
235146,
273132,
234640,
224755,
262723,
213648,
283609,
210746,
267224,
251766,
255308,
251607,
253622,
245494,
208098,
245556,
279948,
210504,
286348,
256346,
209191,
270375,
271717,
237496,
243607,
244848,
223804,
209280,
215198,
290979,
290927,
232054,
231205,
272381,
236040,
231743,
202213,
213406,
223593,
278161,
254361,
297981,
284150,
269024,
262646,
235555,
237095,
283633,
220014,
212526,
233841,
200747,
227452,
256807,
238241,
280040,
293315,
288338,
232567,
219627,
244520,
253950,
226574,
261402,
260184,
290356,
246188,
226269,
264787,
278296,
221211,
241683,
227614,
221433,
292903,
216302,
256171,
293538,
286043,
266798,
258303,
264216,
211685,
216244,
213527,
273620,
299210,
284246,
216949,
233853,
208323,
209107,
258545,
297982,
267366,
213937,
277473,
291466,
261946,
201138,
258727,
215937,
264682,
231215,
217926,
273659,
268031,
296049,
282599,
236461,
281724,
210631,
263747,
218534,
248923,
212808,
231925,
241242,
299324,
246514,
295724,
237203,
271293,
281844,
258550,
246865,
252993,
270440,
287961,
204931,
246846,
277055,
259230,
228789,
214143,
203404,
247945,
253126,
252477,
223782,
230942,
215855,
252550,
272889,
238337,
201123,
211929,
253924,
288101,
237396,
263504,
248565,
247747,
261134,
231407,
207211,
276187,
206472,
229257,
234010,
249660,
233442,
223711,
217676,
273230,
217178,
213883,
205567,
251829,
215690,
201375,
245141,
221709,
239654,
264011,
226674,
248615,
287124,
261090,
215679,
276185,
265901,
291822,
225548,
257440,
234119,
297695,
263279,
251755,
210262,
239428,
238358,
296770,
222454,
271371,
201482,
262946,
261203,
209794,
200998,
287096,
265385,
264671,
201439,
254370,
235405,
222866,
297673,
253660,
211301,
236030,
230680,
280228,
299723,
247947,
213485,
261250,
204495,
224257,
288301,
231191,
211083,
234165,
263287,
278224,
268145,
234629,
270348,
282965,
252805,
203507,
298596,
229471,
204745,
292414,
295391,
260804,
277762,
263610,
266040,
279406,
292652,
288437,
278749,
245700,
216207,
291437,
240560,
284322,
220403,
290726,
276101,
235304,
205166,
275421,
266930,
250595,
202197,
268654,
247272,
248582,
239266,
211203,
250347,
268217,
203337,
223336,
271467,
224511,
283756,
229116,
235745,
230404,
202398,
236750,
257379,
200658,
215582,
211320,
298406,
298354,
298616,
272445,
260926,
203914,
285325,
231716,
298006,
280602,
204633,
251694,
232169,
218270,
263228,
243530,
214879,
271983,
291185,
271267,
218998,
279985,
246168,
229764,
288740,
269532,
297971,
277261,
236855,
220462,
218555,
256680,
232138,
217220,
298202,
216262,
210748,
216252,
280141,
236578,
278234,
260116,
266308,
275826,
243091,
274255,
200565,
243673,
204712,
249115,
267833,
224585,
252112,
212621,
284003,
246491,
207536,
299915,
245507,
211879,
294858,
258447,
201806,
245361,
208327,
269610,
258158,
230965,
252475,
203272,
259431,
232908,
215987,
265077,
238963,
214899,
235846,
271439,
273021,
287089,
227895,
235198,
269090,
203579,
295503,
249248,
250817,
298686,
209043,
201280,
284824,
224453,
235996,
205424,
221034,
238077,
246391,
295562,
257593,
292516,
278550,
292138,
215614,
282079,
227293,
211545,
279218,
251596,
217198,
